﻿<skin name="颓废视频解析插件4.0版" email="32117145@qq.com"  readme="http://tuifei.sinaapp.com" mask_color="" show_tips="0.5" context_menu="2">
	<console xywh="0, 0R, 100P, 38" src="console.png" mask="" lock="1" display="1" group="A">
		<bt_play xywh="-2, 4R,43, 25" src="bt_play.png" tips="播放,暂停" /> 
		 <bt_stop xywh="50, 6R, 20, 20" src="bt_stop.png" tips="停止" /> 
		 <progress xywh="-1, 33R, 0B, 5" src="progress_track1.png" thumb_src="progress_thumb.png" track_src="progress_track.png" tips=""/> 
		  <time xywh="65, 9R, 120, 16" align="center" font="Arial" size="12" color="#ffffff" borderColor="" backgroundColor="" bold="" />
			<volume xywh="55R, 15R, 45, 3" thumb_src="volume_thumb.png" track_src="volume_track.png" src="" />
			<bt_mute xywh="100R, 4R, 24, 25" src="bt_mute.png" /> 
		   <bt_fullscreen xywh="6R, 3R, 45, 28" src="bt_fullscreen.png" tips="全屏"/>
		  <indicator xywh="0,-10,60,15" src="indicator.png" color="#ffffff" font="Arial" size="11" align="center" />
			<event type="over" target="console.progress" property="xywh" value="-1, 33R, 0B,5"/>
			<event type="out" target="console.progress" property="xywh" value="-1, 33R, 0B,3"/>
		</console>
	<media xywh="0, 38R, 100P, 100P" src="tuifei.swf" mask="" lock="1" display="1" group="A">
		<video xywh="0, 0, 100P, 100P" show_buttons="0"/>
		<event type="over" target="console.progress" property="xywh" value="-1, 33R, 0B,5"/>
   <event type="out" target="console.progress" property="xywh" value="-1, 33R, 0B,3"/> 
	</media>
</skin>