﻿<skin name="逸晨视频" version="1.2" author="henshao" email="376925325@qq.com" url="" readme="最佳宽高640x328" mask_color="" show_tips="0.5" context_menu="2">
	<console xywh="0, 0R, 100P, 14" src="console.png" mask="" lock="1" display="1" group="A">
		<bt_play xywh="5, 3R, 8, 8" src="bt_play.png" tips="播放,停止"/>
		<bt_prev xywh="16, 3R, 9, 8" src="bt_prev.png" tips="上一个"/>
		<bt_next xywh="155R, 3R, 9, 8" src="bt_next.png" tips="下一个"/>
		<progress xywh="26, 4R, 96B, 6" thumb_src="progress_thumb.png" track_src="progress_track.png" thumb_autohide="0"/>
		<time xywh="77R, -3R, 76, 16" align="center" font="Verdana" size="9" color="#3986b8" borderColor="" backgroundColor="#FFFFFF" bold="" shadow="1,90,#,0.5,4,4,1,3,true"/>
		<volume xywh="27R, 9R, 45, 6" thumb_src="volume_thumb.png" track_src="volume_track.png" src="volume.png" rotation="-90"/>
		<bt_mute xywh="64R, 3R, 10, 8" src="bt_mute.png" hover_volume="1" tips="音量"/>
		<bt_list xywh="14R, 2R, 48, 11" src="bt_list.png" tips="列表"/>
                <bt_fullscreen xywh="R, R, 15, 14" src="q.jpg" tips="打开全屏,退出全屏"/>
	</console>
	<list xywh="0R, 14R, 300, 160" src="option.png" mask="" lock="1" display="1" group="A">
     		<tree xywh="1, 20, 299, 139" align="left" font="Arial" size="12" color="#3986b8, #ff4500"/>
		<scrollbar thumb_src="scrollbar_thumb.png"/>
		<bt_close xywh="10R, 3, 35, 12" src="bt_close.png" display="1"/>
		<event type="open" target="option" property="display" value="0"/>
	</list>
	<lrc xywh="0, 14R, 100%, 18" lock="1" display="1" group="A" alpha="0.8">
		<text xywh="0, 0, 100P, 100P" align="center" font="宋体" size="12" color="#7F8FA5, #ffffff" horizontal="1" max_scale="3" shadow="1,90,#000000,0.5,4,4,1,3"/>
	</lrc>
	<media xywh="0, 14R, 100P, 100P" src="media.swf" mask="mask.swf" align="center" lock="1" display="1" group="A">
		<video xywh="0, 0, 100P, 100P"/>
	</media>
</skin>