﻿<skin ver="1.0" name="zmp4-Youku升级版" url="http://yy.com/68732266" by="指尖" email="986371899@qq.com" mask_color="" show_tips="0.5" context_menu="2">
	<option xywh="0, 0, 1, 1" src="" mask="" lock="1" display="0" group="">
		<pane xywh="0, 0, 1, 1" align="left" font="" size="12" color="#00ff00, #ffffff"/>
		<scrollbar thumb_src="" button_src="" track_src=""/>
		<bt_close xywh="0, 0, 1, 1" src=""/>
	</option>
	<list xywh="10R, -20c, 200, 20b" src="bg.png" mask="" lock="1" display="1" group="B">
		<tree xywh="5, 33R, 199, 98P" align="left" font="Verdana" size="12" color="#ABD5FD, #0072FF"/>
		<search xywh="10R, 6R, 180, 18" align="left" font="Arial" size="12" color="#ABD5FD, #0072FF" borderColor="#B7B7B7" backgroundColor="" bold="" value="请输入关键字搜索" />
		<scrollbar thumb_src="scrollbar_thumb.png" button_src="scrollbar_button.png" track_src=""/>
                             <icons bullet="" opened="" closed="" /> 
                             <bt_close xywh="191R, -15C, 9, 70" src="btnclose.png" tips="关闭列表" /> 
                             <event type="open" target="option" property="display" value="0" /> 
                             <event type="open" target="lrc" property="display" value="1" /> 
                             <event type="open" target="media" property="xywh" value="0C, -18C, 4b, 50B" /> 
                             <event type="close" target="lrc" property="display" value="1" /> 
                             <event type="close" target="media" property="xywh" value="0C, -18C, 4b, 50B" /> 
	</list>
	<lrc xywh="0, 0, 1, 12" src="" mask="" lock="1" display="0" group="">
		<text xywh="0, 0, 1, 1" align="center" font="" size="12" color="#00ff00, #ffffff"/>
		<bt_close xywh="0, 0, 1, 1" src=""/>
	</lrc>
	<media xywh="0, 40R, 100P, 100P" src="media.swf" mask="" lock="1" display="1" group="">
		<video xywh="0, 0, 100P, 100P"/>
		<bt_close xywh="0, 0, 1, 1" src=""/>
	</media>
	<console xywh="0, 0R, 100P, 40" src="console.png" mask="" lock="1" display="1" group="">
		<bt_play xywh="5, 14, 60, 20" src="bt_play.png" tips="播放,暂停"/>
		<bt_stop xywh="150, 14, 20, 20" src="bt_stop.png" tips="停止"/>
		<bt_prev xywh="0, 0, 1, 1" src=""/>
		<bt_next xywh="0, 0, 1, 1" src=""/>
		<bt_random xywh="0, 0, 1, 1" src=""/>
		<bt_repeat xywh="0, 0, 1, 1" src=""/>
		<bt_mute xywh="130R, 18, 16, 12" src="bt_mute.png"/>
		<volume xywh="75R, 20, 50, 7" thumb_src="volume_thumb.png" track_src="volume_track.png"/>
		<progress xywh="0C, 4, 5B, 6" thumb_src="progress_thumb.png" track_src="progress_track.png"/>
		<bt_list xywh="34R, 6R, 30, 20" src="bt_list.png" tips="关闭列表,打开列表"/>
		<bt_video xywh="0, 0, 1, 1" src=""/>
		<bt_lrc xywh="0, 0, 1, 1" src=""/>
		<bt_option xywh="0, 0, 1, 1" src=""/>
		<bt_fullscreen xywh="11R, 18, 14, 12" src="bt_fullscreen.png"/>
		<title xywh="0R, 0, 1, 1" align="left" font="Verdana" size="12" color="#000000" borderColor="" backgroundColor="" bold=""/>
		<status xywh="0R, 0, 1, 1" align="center" font="Verdana" size="12" color="#000000" borderColor="" backgroundColor="" bold=""/>
		<time xywh="73, 17, 80, 15" align="left" font="宋体" size="10" color="#3986B8" borderColor="" backgroundColor="" bold=""/>
	</console>
</skin>
