﻿<skin version="XiongBa" name="XiongBa" url="http://user.qzone.qq.com/445060535" author="XiongBa" email="445060535@qq.com" readme="XiongBa" mask_color="">
	<lrc xywh="0C, 60r, 421, 18" src="" mask="" lock="1" display="1" group="A">
		<text xywh="0, 0, 100P, 100P" align="center" font="宋体" size="12" color="#7F8FA5, #ffffff" horizontal="1" max_scale="3"/>
	</lrc>
	<list xywh="0R, -15C, 200, 66B" src="list.png" mask="" lock="1" display="0" group="b">
		<tree xywh="2R, 33R, 196, 98P" align="left" font="宋体" size="12" color="#7F8FA5, #ffffff"/>
		<search xywh="30R, 5R, 150, 18" align="left" font="Arial" size="12" color="#ABD5FD, #0072FF" borderColor="#B7B7B7" backgroundColor="#000" bold="" value="请输入关键字搜索" />
		<scrollbar thumb_src="scrollbar_thumb.png" button_src="scrollbar_button.png" track_src="scrollbar_track.png"/>
		<event type="open" target="media" property="xywh" value="-100C, -15C, 102b, 66b"/>
                <event type="over" target="list" property="display" value="1"/>
		<event type="close" target="media" property="xywh" value="0C, -15C, 6b, 66B"/>
		<event type="open" target="option" property="display" value="0"/>
		<event type="out" target="list" property="display" value="0"/>
		<event type="out" target="media" property="xywh" value="0C, -15C, 6b, 66B"/>
		<event type="close" target="lrc" property="display" value="0"/>
                <event type="over" target="media" property="xywh" value="-100C, -15C, 102b, 66b"/>
		<event type="open" target="lrc" property="display" value="1"/>


	</list>
	<media xywh="-102C, -15C, 6B, 66B" src="" mask="" lock="1" display="1" group="A">
		<video xywh="0, 0, 100P, 100P"/>
                <event type="over" target="list" property="display" value="1"/>
		<event type="out" target="list" property="display" value="0"/>
		<event type="out" target="media" property="xywh" value="0C, -15C, 6b, 66B"/>
                <event type="over" target="media" property="xywh" value="-100C, -15C, 102b, 66b"/>
	</media>
	<console xywh="0C, 0C, 100P, 100P" src="console.png" mask="" lock="1" display="1" group="A">
		<bt_play xywh="0C, 6R, 64, 36" src="bt_play.png"/>
		<bt_stop xywh="-90C,9R, 28, 28" src="bt_stop.png"/>
		<bt_prev xywh="-50C, 9R, 28, 28" src="bt_prev.png"/>
		<bt_next xywh="50C, 9R, 28, 28" src="bt_next.png"/>
		<bt_mute xywh="90C, 10R, 23, 24" src="bt_mute.png"/>
		<volume xywh="135C, 20R, 59, 2" thumb_src="volume_thumb.png" track_src="volume_track.png"/>
		<progress xywh="22, 47R, 22B, 13" thumb_src="progress_thumb.png" track_src="progress_track.png"/>
		<bt_list xywh="40r, 10r, 23, 22" src="bt_list.png" tips="打开列表"/>
		<bt_fullscreen xywh="10r, 10r, 23, 22" src="bt_fullscreen.png" tips="打开全屏,退出全屏"/>
		<title xywh="70, 60R, 450, 18" align="left" font="宋体" size="12" color="#FEFDFD" bold="1"/>
		<status xywh="12, 60R, 210, 18" align="left" font="宋体" size="12" color="#FEFDFD"/>
		<time xywh="40R, 32, 100, 18" align="right" font="宋体" size="12" color="#FEFDFD"/>
                <event type="over" target="list" property="display" value="1"/>
		<event type="out" target="list" property="display" value="0"/>
		<event type="out" target="media" property="xywh" value="0C, -15C, 6b, 66B"/>
                <event type="over" target="media" property="xywh" value="-100C, -15C, 102b, 66b"/>
	</console>
</skin>