﻿<skin name="神鹰视频" version="1.0" author="eflys" email="eflys@qq.com" readme="最佳宽高600x500" mask_color="" show_tips="0.5" context_menu="2" >
  <console xywh="0, 0R, 100P, 25" src="1.png" lock="1" display="1" group="A" alpha="1" fade="1">
    <bt_play xywh="0,R,24,20" src="bt_play.png" tips="播放/暂停"/>
    <bt_stop xywh="24,R,22,20" src="bt_stop.png" tips="停止"/>
    <bt_mute xywh="104R,R,24,20" src="bt_mute.png" tips="音量"/>
    <volume xywh="24R,0R,80,20" thumb_src="ss.png" track_src="ldtt.png"/>
    <progress xywh="0C,22R,100P,7" track_src="progress_track.png"/>
    <indicator xywh="0,-10,43,15" src="bt_time.png" color="#dddddd" size="11" align="center"/>
    <bt_list xywh="0R,0R,24,20" src="bt_list.png" tips="列表"/>
    <title xywh="165,2R,130,17" align="left" font="Verdana" size="12" color="#BBBBBB" bold="1"/>
    <status xywh="0C,2R,130,17" font="Verdana" size="12" color="#BBBBBB" bold="1"/>
    <time xywh="46,0R,100,20" align="left" font="Verdana" size="12" color="#DDDDDD" src="1.png"/>
	<event type="over" target="console.progress" property="xywh" value="0C, 22R, 2B, 7"/>
	<event type="out" target="console.progress" property="xywh" value="0C, 22R, 2B, 3"/>
  </console>
  <list xywh="R,29R,290, 100p" src="list.png" lock="1" display="1" group="A" alpha="0.9" fade="0" >
    <tree xywh="10, 3C, 100P, 20B" align="left" font="Arial" size="12" color="#1AE694, #ffffff" show_icon="1" image="istv.png" image_width="45" image_height="40"/>
    <scrollbar thumb_src="scrollbar_thumb.png" button_src="scrollbar_button.png" track_src="1.png"/>
    <search xywh="25, 6R, 200, 18" align="left" font="Arial" size="12" color="#ABD5FD, #0072FF" borderColor="#B7B7B7" backgroundColor="#000" bold="" value="请输入关键字搜索" />
    <bt_close xywh="4R,4,19,19" src="bt_close.png" tips="关闭列表"/>
	<event type="over" target="console.progress" property="xywh" value="0C, 22R, 2B, 8"/>
	<event type="out" target="console.progress" property="xywh" value="0C, 22R, 2B, 3"/>
  </list>
  <lrc xywh="C,R,100P,20" lock="1" display="1" group="A" alpha="0.8">
    <text xywh="C,R,95P,17" font="Verdana" align="center" size="12" color="#333333" horizontal="1" max_scale="3" shadow="1,90,#000000,0.5,4,4,1,3"/>
	<event type="over" target="console.progress" property="xywh" value="0C, 22R, 2B, 8"/>
	<event type="out" target="console.progress" property="xywh" value="0C, 22R, 2B, 3"/>
  </lrc>
  <media xywh="0,0,100P,100P" src="media.swf" lock="1" display="1" group="A" >
    <video xywh="0,R,100P,100P" show_buttons="1"/>
	<event type="over" target="console.progress" property="xywh" value="0C, 22R, 2B, 8"/>
	<event type="out" target="console.progress" property="xywh" value="0C, 22R, 2B, 3"/>
  </media>
</skin>