﻿<skin version="2.0" name="速达网视" url="http://huangmin1111.5d6d.com/" author="CenFun" email="ip56570415@qq.com" readme="" mask_color="" preview="preview.jpg">
	<console xywh="0, 0, 100P, 100P" src="tvlive.swf" mask="" lock="1" display="1" group="A">
		<bt_play xywh="-90C, 10R, 40, 30" src="bt_play.png"/>
		<bt_stop xywh="-45C, 10R, 30, 30" src="bt_stop.png"/>
		<bt_mute xywh="0C, 10R, 30, 30" src="bt_mute.png"/>
		<bt_list xywh="2R, 0C, 7, 48" src="bt_list.png" />
		<bt_fullscreen xywh="35C, 10R, 30, 30" src="bt_fullscreen.png"/>
		<volume xywh="63C, 30R, 100, 24" track_src="track_volume.png" rotation="-90"/>
		<progress xywh="63, 13R, 125B, 24" track_src="track_progress.png" />
	</console>
	<list xywh="0R, 0, 20P, 100P" src="list.png" mask="" lock="1" display="1" group="A">
		<tree xywh="7, 0, 100P, 94P" align="left" font="宋体" size="12" color="#7F8FA5, #ffffff" />
    <search xywh="42, 0R, 113, 20" align="left" font="Arial" size="12" color="#ff0033, #666666"  value="请输入关键字" />
		<scrollbar thumb_src="scrollbar_thumb.png" button_src="scrollbar_button.png" track_src="scrollbar_track.png"/>
		<bt_close xywh="0, 0C, 7, 48" src="bt_close.png" tips="关闭列表" />
<event type="open" target="console.progress" property="xywh" value="2, 32R, 100B, 13" />
<event type="close" target="console.progress" property="xywh" value="2, 32R, 6B, 13" />  
<event type="open" target="media" property="xywh" value="2, 0, 100B, 0B" />
<event type="close" target="media" property="xywh" value="2, 0, 5B, 0B" />
<event type="open" target="lrc" property="xywh" value="2, 0, 100B, 13" />
<event type="close" target="lrc" property="xywh" value="1, 0, 5B, 13" />
	</list>
	<media xywh="0, 0, 80P, 100P" src="bg.swf" mask="" lock="1" display="1" group="A">
		<video xywh="0, 0, 100P, 100P"/>
	</media>
</skin>