﻿<skin name="廖哥全屏版" version="245054917" author="廖哥" email="" url="" readme="自适应" context_menu="2" show_tips="0.2">
	<option xywh="2R, 41R, 202, 100P" src="list.png" mask="" lock="1" display="0" group="A" fade="1">
		<pane xywh="2, 0, 100P, 100P" align="left" font="宋体" size="12" color="#7F8FA5, #ffffff"/>
		<scrollbar thumb_src="scrollbar_thumb.png" button_src="scrollbar_button.png" track_src="scrollbar_track.png"/>
		<event type="out" target="option" property="display" value="0"/>
		<event type="over" target="console" property="display" value="1"/>
		<event type="out" target="console" property="display" value="0"/>
	</option>
	<console xywh="0, 0R, 100P, 44" src="console.swf" mask="" lock="1" display="1" group="A" fade="1">
		<bt_play xywh="-30C, -2R, 20, 20" src="bt_play.png"/>
		<bt_stop xywh="112C, 1R, 30, 25" src=""/>
		<time xywh="86, 1R, 120, 16" align="center" font="Verdana" size="9" color="#cccccc" borderColor=""/>
		<status xywh="1, 1R, 320B, 18" align="left" font="Verdana" size="12" color="#ffffff" borderColor=""/>
		<bt_mute xywh="69R, 1R, 30, 25" src="bt_mute.png" hover_volume="1"/>
		<volume xywh="37R, 20R, 54, 14" thumb_src="" track_src="volume_track.png" src="volume.png" rotation="-90" shadow="1,45,#000000,0.5,4,4,1,3"/>
		<bt_list xywh="35R, 1R, 30, 25" src="bt_list.png" tips="关闭列表,打开列表"/>
		<bt_prev xywh="-60C, -5R, 20, 25" src="bt_prev.png"/>
		<bt_next xywh="1C, -5R, 20, 25" src="bt_next.png"/>
		<bt_option xywh="98R, 1R, 25, 25" src="bt_option.png" tips="关闭设置,换皮肤"/>
		<progress xywh="18, 33R, 18B, 5" thumb_src="progress_thumb.png" track_src="progress_track.png" thumb_autohide="0"/>
		<bt_fullscreen xywh="1R, 1R, 30, 25" src="" fullscreen_scale="1" fullscreen_max="video" tips="打开全屏,退出全屏"/>
		<title xywh="190C,-1R,300B ,18" align="center" font="Verdana" size="12" color="#CECECE" borderColor="" backgroundColor="" bold=""/>
		<indicator xywh="0,-6,52,18" src="in.png" color="#ffffff" size="14" align="center" bold="1" shadow="1,90,#000000,0.3,4,4,1,3"/>
		<event type="over" target="list" property="display" value="1"/>
		<event type="out" target="list" property="display" value="0"/>
		<event type="over" target="media" property="xywh" value="-100C, 41R, 100B, 100P"/>
		<event type="out" target="media" property="xywh" value="0C, 0C, 0B, 100P"/>
		<event type="over" target="lrc" property="xywh" value="-82C, 44R, 100B, 18"/>
		<event type="out" target="lrc" property="xywh" value="0, 44R, 100P, 18"/>
		<event type="over" target="console" property="display" value="1"/>
		<event type="out" target="console" property="display" value="0"/>
	</console>
	<list xywh="1R, 41R, 202, 100P" src="list.png" mask="" lock="1" display="1" group="A" fade="1">
		<tree xywh="0, 2, 1B, 99P" show_icon="1" image="playing.png" image_width="30" image_height="30" row_height="30" row_src="row_src.png" row_mask="" align="left" font="Arial" size="12" color="#7F8FA5, #ffffff" shadow="5,45,#000000,0.3,4,4,1,3"/>
		<icons bullet="1.png"  playing="21.swf" opened="opened.png" closed="closed.png"/>
		<scrollbar thumb_src="scrollbar_thumb.png" button_src="scrollbar_button.png" track_src="scrollbar_track.png"/>
		<event type="over" target="list" property="display" value="1"/>
		<event type="out" target="list" property="display" value="0"/>
		<event type="over" target="media" property="xywh" value="-100C, 41R, 100B, 100P"/>
		<event type="out" target="media" property="xywh" value="0C, 0R, 0B, 100P"/>
		<event type="open" target="media" property="xywh" value="-100C, 41R, 100B, 100P"/>
		<event type="close" target="media" property="xywh" value="0C, 41R, 0B, 100P"/>
		<event type="open" target="lrc" property="xywh" value="-82C, 44R, 100B, 18"/>
		<event type="close" target="lrc" property="xywh" value="0, 44R, 100P, 18"/>
		<event type="over" target="lrc" property="xywh" value="-82C, 44R, 100B, 18"/>
		<event type="out" target="lrc" property="xywh" value="0, 44R, 100P, 18"/>
		<event type="over" target="console" property="display" value="1"/>
		<event type="out" target="console" property="display" value="0"/>
	</list>
	<lrc xywh="0, 44R, 100B, 18" src="" mask="" lock="1" display="1" group="A" fade="1">
		<text xywh="0, 0, 100P, 100P" align="center" font="Arial" size="12" leading="0" color="#666666, #eeeeee" horizontal="1" max_scale="2" max_button="0">
		<kmc line_mode="0" time_preview="5000" time_sec3="8000" show_info="1" margin="0" size="12" bold="0" align="center, center" color="#999999, #ffffff"/>
		</text>
	</lrc>
	<media xywh="-100C, 41R, 100B, 100P" src="245054917.png" mask="" lock="1" display="1" group="A">
		<video xywh="0, 0, 100P, 100P"/>
		<event type="over" target="media" property="xywh" value="-100C, 41R, 100B, 100P"/>
		<event type="out" target="media" property="xywh" value="0C, 41R, 0B, 100P"/>
		<event type="open" target="media" property="xywh" value="-100C, 41R, 100B, 100P"/>
		<event type="close" target="media" property="xywh" value="0C, 41R, 0B, 100P"/>
		<event type="over" target="list" property="display" value="1"/>
		<event type="out" target="list" property="display" value="0"/>
		<event type="over" target="lrc" property="xywh" value="-82C, 44R, 100B, 18"/>
		<event type="out" target="lrc" property="xywh" value="0, 44R, 100P, 18"/>
		<event type="over" target="console" property="display" value="1"/>
	</media>
</skin>