﻿<skin version="1.1" name="www.230mv.com" url="http://www.230mv.com" author="Warren" email="376925325@qq.com" readme="播放器
http://www.230mv.com" mask_color="" preview="preview.jpg" context_menu="2">
	<option xywh="0C, -4C, 754, 352" src="black.png" mask="" lock="1" display="0" group="A">
		<pane xywh="0, 0, 100P, 100P" align="left" font="宋体" size="12" color="#7F8FA5, #ffffff"/>
		<scrollbar thumb_src="scrollbar_thumb.png" button_src="scrollbar_button.png" track_src="scrollbar_track.png"/>
<bt_close xywh="0, 0, 1, 1" src="" />
	</option>
	<lrc xywh="-80C, 148C, 493, 18" src="" mask="" lock="1" display="1" group="A">
		<text xywh="0, 10, 100P, 100P" align="center" font="宋体" size="12" color="#05a9f6" horizontal="1" glow="#0261ca,0.5,1,1,100,1" max_scale="3"/>
<bt_close xywh="0, 0, 1, 1" src="" />
	</lrc>
	<list xywh="3R, 30, 260, 35B" src="list.png" mask="" lock="0" display="1" group="A">
		<tree xywh="7, 25R, 100P, 100P" align="left" font="宋体" size="12" color="#7F8FA5, #ffffff"/>
		<search xywh="42, 0R, 190, 20" align="left" font="Arial" size="12" color="#999999, #666666" value="请输入关键字搜索, qq376925325"/>
		<scrollbar thumb_src="scrollbar_thumb.png" button_src="scrollbar_button.png" track_src="scrollbar_track.png"/>
		<bt_close xywh="0, 17C, 7, 48" src="bt_close.png" tips="关闭列表"/>
		<bt_list xywh="3R, -4C, 7, 48" src="bt_list2.png" tips="打开列表"/>
		<event type="open" target="option" property="display" value="0"/>
		<event type="open" target="console.title" property="xywh" value="80, 8r, 180, 18"/>
		<event type="close" target="console.title" property="xywh" value="80, 8r, 180, 18"/>
		<event type="open" target="console.progress" property="xywh" value="4, 40R, 133B, 13"/>
		<event type="close" target="console.progress" property="xywh" value="4, 40R,4B, 13"/>
		<event type="open" target="media" property="xywh" value="3, 31,132B, 41B"/>
		<event type="close" target="media" property="xywh" value="3, 31, 6B, 41B"/>
		<event type="open" target="lrc" property="xywh" value="-100C, 148C, 393, 18"/>
		<event type="close" target="lrc" property="xywh" value="-3C, 148C, 586, 18"/>
	</list>
	<media xywh="0, 42R, 100P, 100P" src="" mask="" lock="1" display="1" group="A">
		<video xywh="0, 0, 100P, 100P"/>

<bt_close xywh="0, 0, 1, 1" src="" />
	</media>
	<console xywh="0C, 0C, 100P, 100P" src="console.png" mask="" lock="1" display="1" group="A">
		<bt_play xywh="-10C, 1R, 38, 38" src="PlayPauseButton.png"/>
		<bt_stop xywh="-64C, 8R, 25, 24" src="PlayStopButton.png"/>
		<bt_prev xywh="-42C, 8R, 25, 24" src="PrevButton.png"/>
		<bt_next xywh="20C, 8R, 25, 24" src="NextButton.png"/>
		<bt_mute xywh="46C, 8R, 25, 24" src="SoundButton.png"/>
		<volume xywh="103C, 15R, 90, 9" thumb_src="volume_thumb.png" track_src="SoundBar.png"/>
		<progress xywh="4, 38R,133B, 11" thumb_src="progress_thumb.png" track_src="progress_track.png"/>

		<bt_list xywh="35R, 3R, 28, 28" src="btnlist.png" tips="关闭列表,打开列表"/>
		<bt_video xywh="0, 0, 1, 1" src="" />
		<bt_lrc xywh="0, 0, 1, 1" src="" />

		<bt_fullscreen xywh="5R, 3r, 28, 28" src="ScreenButton.png" tips="打开全屏,退出全屏"/>

		<bt_repeat xywh="52r, 8, 18, 18" src="menu.png" tips="循环播放,关闭循环"/>
		<bt_Maximum xywh="32, 8, 20, 20" src="max.png" tips="最大化"/>
		<bt_close xywh="22, 8, 20, 20" src="close.png" tips="关闭"/>
		<bt_Minimization xywh="82, 8, 20, 20" src="min.png" tips="最小化"/>
<title xywh="102, 8, 450, 18" align="left" font="宋体" size="12" color="#FEFDFD" bold="1" />
		<status xywh="15, 8r, 210, 18" align="left" font="宋体" size="12" color="#FEFDFD" />
		<time xywh="90R, 10r, 100, 18" align="right" font="宋体" size="12" color="#A5D1FF"/>
	</console>

</skin>