﻿<skin name="zmp4-m1" version="2.0" author="指尖" email="986371899@qq.com" url="http://zmp.grn.cc" mask_color="" show_tips="0.5" context_menu="0">
	<option xywh="150c, 0C, 310, 140" src="win.png" mask="" lock="1" display="0" group="A">
		<pane xywh="0, 0, 100P, 100P" align="left" font="宋体" size="12" color="#00ff00, #ffffff"/>
		<scrollbar thumb_src="scrollbar_thumb.png" button_src="scrollbar_button.png" track_src="scrollbar_track.png"/>
	</option>
	<lrc xywh="-50c, -10c, 140, 25" src="" mask="" lock="1" display="1" group="A" shadow="1,90,#000000,1,2,2,1,1">
		<text xywh="0, 2, 100P, 2B" align="center" font="微软雅黑" size="14" leading="2" color="#aeaead, #23fbfb" horizontal="0" max_scale="2" max_button="0">
		</text>
	</lrc>
	<list xywh="150c, 0C, 310, 145" src="" mask="" lock="0" display="0" group="">
		<tree xywh="5, 8, 5B, 5B" align="left" font="Arial" size="12" color="#00ff00, #ffffff"/>
		<scrollbar thumb_src="scrollbar_thumb.png"/>
		<bt_close xywh="5R, 5, 18, 17" src="bt_close.png"/>
		<event type="open" target="option" property="display" value="0"/>
	</list>
		<console xywh="0C, 0C, 650, 400" src="1.dll" mask="header.png" lock="1" display="1" group="A" shadow="1,90,#000000,0.3,4,4,1,3">
		<bt_prev xywh="22, -10c, 48, 22" src="bt_prev.png" tips="上一个"/>
		<bt_play xywh="22, -70c, 48, 22" src="bt_play.png" tips="播放,暂停"/>
		<bt_stop xywh="22,-40c, 48, 22" src="bt_stop.png"/>
		<bt_next xywh="22, 20c, 48, 22" src="bt_next.png" tips="下一个"/>
		<bt_list xywh="22, 80c, 48,22" src="bt_list.png" tips="关闭歌词,打开歌词"/>
		<bt_mute xywh="-105c, 25c, 15, 15" src="bt_mute.png" tips="静音,打开声音" hover_volume=""/>
		<volume xywh="-50c, 26c, 80,6" thumb_src="volume_thumb.png" track_src="volume_track.png" src="" tips="音量"/>
		<bt_fullscreen xywh="22, 50c, 48, 22" src="bt_fullscreen.png"/>
		<progress xywh="-50c, 46c, 140, 6" thumb_src="progress_thumb.png" track_src="progress_track.png" thumb_autohide="false" tips="定位"/>
		<status xywh="150c, -6c, 50, 20" align="left" font="Arial" size="12" color="#ffffff" borderColor="" backgroundColor="" bold=""/>
		<title xywh="0c, 25, 220, 30" align="center" font="微软雅黑" size="20" color="#aeaead" bold="" borderColor="" shadow="1,90,#000000,1,2,2,1,1"/>
		<time xywh="150c, 20c, 90, 18" align="center" font="Arial" size="12" color="#ffffff" bold="" shadow="1,90,#000000,0.5,1,1,1,1"/>
	</console>
<media xywh="120c, 11C, 350, 295" src="" mouseEnabled="false" lock="1" display="1" group="A">
		<video xywh="1, 1, 1B, 1B" show_icon="1" show_buttons="1"/>
	</media>

</skin>