﻿<skin version="1.0" name="迅雷看看4.7_全屏版" url="http://bbs.cenfun.com/" author="颓废" email="121617355@qq.com" mask_color="" preview="preview.jpg">
	<option xywh="5, -18c, 200, 50b" src="dian.png" mask="" lock="1" display="0" group="D">
		<pane xywh="0, 13, 100P, 100P" align="center" font="Verdana" size="12" color="#ABD5FD, #0072FF"/>
		<scrollbar thumb_src="scrollbar_thumb.png" button_src="scrollbar_button.png" track_src=""/>
		<bt_close xywh="1, 1, 0, 0" src=""/>
	</option>
	<list xywh="5, -18c, 200, 50b" src="bg.png" mask="" lock="1" display="1" group="B">
                <tree xywh="2R, 33R, 196, 98P" align="left" font="Verdana" size="12" color="#ABD5FD, #0072FF" src=""  show_delete="1" show_icon="1" image="image.png" image_width="53" image_height="56" row_height="60" row_src="" row_mask=""/>
		<search xywh="75R, 10R, 110, 18" align="left" font="Arial" size="12" color="#ABD5FD, #0072FF" borderColor="#B7B7B7" backgroundColor="#000" bold="" value="请输入关键字搜索" />
		<scrollbar thumb_src="scrollbar_thumb.png" button_src="scrollbar_button.png" track_src=""/>
                             <icons bullet="" opened="" closed="" /> 
                             <bt_close xywh="-8R, -30C, 8, 70" src="btnclose.png" tips="关闭列表" /> 
                             <event type="open" target="option" property="display" value="0" /> 
                             <event type="open" target="lrc" property="display" value="1" /> 
                             <event type="open" target="media" property="xywh" value="100C, 67R, 102b, 100p" /> 
                             <event type="close" target="lrc" property="display" value="0" /> 
                             <event type="close" target="media" property="xywh" value="0C, 67R, 4b, 100p" /> 
	</list>
	<lrc xywh="102C, 28R, 104B, 58" src="" mask="" lock="1" display="1" group="C">
		<text xywh="0, 0,100P, 100P" align="center" font="Verdana" size="12" color="#ABD5FD, #0072FF" max_button="1"/>
		<bt_close xywh="0, 0, 1, 1" src=""/>

	</lrc>
	<media xywh="102C, 67R, 104b, 100p" src="dian.png" mask="" lock="1" display="1" group="">
		<video xywh="0, 0, 100P, 100P"/>
		<bt_close xywh="0, 0, 1, 1" src=""/>
	</media>



	<console xywh="0C, 0C, 100P, 100p" src="console.png" mask="" lock="1" display="1" group="A">
		<bt_play xywh="0C, 10R, 54, 57" src="btnplay.png"/>
		<bt_stop xywh="-84C, 20R, 38, 40" src="btnstop.png"/>
		<bt_prev xywh="-46C, 20R, 38, 40" src="btnprev.png"/>
		<bt_next xywh="46C, 20R, 38, 40" src="btnnext.png"/>
		<bt_random xywh="1, 1, 1, 1" src=""/>
		<bt_repeat xywh="1, 1, 1, 1" src=""/>
		<bt_mute xywh="84C, 23R, 23, 25" src="sound.png"/>
		<volume xywh="140C, 34R, 60, 3" thumb_src="ss.png" track_src="mute.png"/>
		<progress xywh="3, 63R, 3B, 4" thumb_src="btnplayslider.png" track_src="ldt.png"/>
		<bt_list xywh="4, 20R, 27, 28" src="btnlist.png"/>
		<bt_video xywh="1,1,1,1" src=""/>
		<bt_lrc xywh="1,1,1,1" src=""/>
		<bt_option xywh="1, 1, 1, 1" src=""/>
		<bt_fullscreen xywh="4R, 20R, 27, 28" src="btnfull.png"/>
		<title xywh="0C, 8,180 ,18" align="center" font="Verdana" size="12" color="#CECECE" borderColor="" backgroundColor="" bold=""/>
		<status xywh="1, 1, 0, 0" bold=""/>
		<time xywh="3, 47R, 80, 15" align="center" font="Verdana" size="9" color="#CECECE"  backgroundColor="" bold=""/>
	</console>
</skin>