﻿<skin version="1.0" name="xiaobao:xunlei" url="www.52jqp.com" author="小宝" email="1141494184@qq.com" mask_color="" preview="preview.jpg" context_menu="2">
	<list xywh="0R, -18c, 200, 22b" src="bg.png" mask="" lock="1" display="1" group="B">
		<tree xywh="2R, 33R, 196, 95P" align="left" font="Verdana" size="12" color="#ABD5FD, #0072FF"/>
		<search xywh="3R, 5R, 195, 18" align="left" font="Arial" size="12" color="#ABD5FD, #0072FF" borderColor="#B7B7B7" backgroundColor="" bold="" value="请输入关键字搜索" />
		<scrollbar thumb_src="scrollbar_thumb.png" button_src="scrollbar_button.png" track_src=""/>
                             <icons bullet="" opened="" closed="" /> 
                             <bt_close xywh="197R, -25C, 8, 70" src="btnclose.png" tips="关闭列表" /> 
                             <event type="open" target="option" property="display" value="0" /> 
                             <event type="open" target="lrc" property="display" value="1" /> 
                             <event type="open" target="media" property="xywh" value="0C, -18C, 4b, 50B" /> 
                             <event type="close" target="lrc" property="display" value="1" /> 
                             <event type="close" target="media" property="xywh" value="0C, -18C, 4b, 50B" /> 
	</list>

	<lrc xywh="0, 0, 1, 1" src="" mask="" lock="1" display="0" group="C">
		<text xywh="0, 0, 1, 1" align="center" font="Verdana" size="12" color="#ABD5FD, #0072FF" max_button="1"/>
		<bt_close xywh="0, 0, 1, 1" src=""/>

	</lrc>
	<media xywh="0C, -18C, 4b, 50b" src="dian.png" mask="" lock="1" display="1" group="">
		<video xywh="0, 0, 100P, 100P"/>
		<bt_close xywh="0, 0, 1, 1" src=""/>
	</media>


	<console xywh="0C, 0C, 100P, 100p" src="console.png" mask="" lock="1" display="1" group="A">
		<bt_mute xywh="123R, 2R, 25, 30" src="sound.png"/>
		<volume xywh="60R, 15R, 60, 5" thumb_src="ss.png" track_src="mute.png"/>
		<progress xywh="3, 35R, 3B, 3" thumb_src="btnplayslider.png" track_src="ldt.png" thumb_autohide="0" tips="定位" />
		<bt_play xywh="0, 3R, 35, 30" src="btnplay.png" tips="播放,暂停" />
		<bt_list xywh="34R,3R, 20, 30" src="bt_list.png" tips="关闭列表,打开列表"/>
		<bt_stop xywh="35, 3R, 35, 30" src="btnstop.png" tips="停止播放"/>
		<bt_video xywh="1,1,1,1" src=""/>
		<bt_lrc xywh="1,1,1,1" src=""/>
		<bt_option xywh="1, 1, 1, 1" src=""/>
		<bt_fullscreen xywh="0R, 3R, 28, 29" src="btnfull.png" tips="全屏"/>
		<title xywh="0C, 8,180 ,18" align="center" font="Verdana" size="12" color="#CECECE" borderColor="" backgroundColor="" bold=""/>
		<status xywh="1, 1, 0, 0" bold=""/>
		<time xywh="80, 12R, 80, 15" align="center" font="Verdana" size="10" color="#CECECE" backgroundColor="" bold="1"/>
	</console>
</skin>