﻿<skin version="1.1" name="吾爱电视" url="http://www.5itv.org" author="Warren" email="" readme="5itv" mask_color="" preview="preview.jpg" context_menu="2">
	<option xywh="0C, -4C, 854, 352" src="black.png" mask="" lock="1" display="0" group="A">
		<pane xywh="0, 0, 100P, 100P" align="left" font="宋体" size="12" color="#7F8FA5, #ffffff"/>
		<scrollbar thumb_src="scrollbar_thumb.png" button_src="scrollbar_button.png" track_src="scrollbar_track.png"/>
<bt_close xywh="1, 1, 5,5" src="" />
	</option>
	<lrc xywh="-80C, 148C, 493, 18" src="" mask="" lock="1" display="1" group="A">
		<text xywh="0, 0, 100P, 100P" align="center" font="宋体" size="12" color="#05a9f6" horizontal="1" glow="#0261ca,0.5,1,1,100,1" max_scale="3"/>
<bt_close xywh="0, 0, 1, 1" src="" />
	</lrc>
	<list xywh="3R, 30, 185, 35B" src="list.png" mask="" lock="0" display="1" group="A">
		<tree xywh="7, 25R, 100P, 100P" align="left" font="宋体" size="12" color="#7F8FA5, #ffffff"/>
		<search xywh="42, 0R, 113, 20" align="left" font="Arial" size="12" color="#999999, #666666" value="请输入关键字"/>
		<scrollbar thumb_src="scrollbar_thumb.png" button_src="scrollbar_button.png" track_src="scrollbar_track.png"/>
		<bt_close xywh="0, 0C, 7, 48" src="bt_close.png" tips="关闭列表"/>
		<event type="open" target="option" property="display" value="0"/>
		<event type="open" target="console.title" property="xywh" value="-40, 23R, 180, 18"/>
		<event type="close" target="console.title" property="xywh" value="-40, 23R, 180, 18"/>
		<event type="open" target="console.progress" property="xywh" value="4, 40R, 95B, 13"/>
		<event type="close" target="console.progress" property="xywh" value="4, 40R,5B, 13"/>
		<event type="open" target="media" property="xywh" value="3, 31,92B, 41B"/>
		<event type="close" target="media" property="xywh" value="3, 31, 3B, 41B"/>
		<event type="open" target="lrc" property="xywh" value="-100C, 148C, 393, 18"/>
		<event type="close" target="lrc" property="xywh" value="-3C, 148C, 586, 18"/>
	</list>


	<media xywh="3, 31,92B, 41B" src="" mask="" lock="1" display="1" group="A">
		<video xywh="0, 0, 100P, 100P"/>

<bt_close xywh="0, 0, 1, 1" src="" />
	</media>
	<console xywh="0C, 0C, 100P, 100P" src="console.png" mask="" lock="1" display="1" group="A">
		<bt_play xywh="-44C, 1R, 38, 38" src="PlayPauseButton.png"/>
		<bt_stop xywh="-124C, 8R, 25, 24" src="PlayStopButton.png"/>
		<bt_prev xywh="-94C, 8R, 25, 24" src="PrevButton.png"/>
		<bt_next xywh="6C, 8R, 25, 24" src="NextButton.png"/>
		<bt_mute xywh="46C, 8R, 25, 24" src="SoundButton.png"/>
		<volume xywh="108C, 15R, 100, 9" thumb_src="volume_thumb.png" track_src="SoundBar.png"/>
		<progress xywh="4, 40R,95B, 13" thumb_src="progress_thumb.png" track_src="progress_track.png"/>
		<bt_list xywh="45R, 9R, 27, 27" src="bt_list.png" tips="关闭列表,打开列表" />
        <bt_link xywh="70R, 10R, 23, 23" src="dw.png" link="http://tv189.xp3.biz/desktv189.zip" target="_blank" tips="下载桌面版"/>
		<bt_video xywh="0, 0, 1, 1" src="" />
		<bt_lrc xywh="0, 0, 1, 1" src="" />

		<bt_fullscreen xywh="15R, 10R, 23, 23" src="ScreenButton.png" tips="打开全屏,退出全屏"/>

		<time xywh="80, 2R, 92, 16" align="center" font="Verdana" size="9" color="#42BCFA" borderColor="" bold="" shadow="1,90,#000000,0.5,4,4,1,3,true"/>
		<status xywh="20, 2R, 230B, 18" align="left" font="Verdana" size="12" color="#666666" borderColor="" backgroundColor="" bold=""/>
		<title xywh="-40, 23R, 180, 18" align="right" font="Verdana" size="12" color="#999999" bold="" borderColor=""/>
	</console>
</skin>