﻿<skin name="www.230mv.com" version="1.2" author="QQ376925325" email="376925325@qq.com" url="http://230mv.com" readme="最佳宽高640x328" mask_color="" show_tips="0.5" context_menu="5">      
   <console xywh="0, 0R, 100P, 25" src="console.png" mask="" lock="1" display="1" group="A">
	<bt_link xywh="0, -2R, 18, 23" src="qq.jpg" link="http://wp.qq.com/email/stop/email_stop.html?qq=376925325&amp;sig=69c0086207ceaf5495d0c9e0f82472573283db241b5a3c13&amp;tttt=1" target="_blank" tips="点击这里给我发消息"/>	
	<bt_stop xywh="20, R, 16, 25" src="bt_stop.png"tips="停止"/>
	<bt_play xywh="36, R, 20, 25" src="bt_play.png"tips="播放/暂停"/>
	<bt_prev xywh="50, R, 25,25" src="bt_prev.png"tips="上一个"/>
	<progress xywh="68, 8R, 165b, 8" thumb_src="progress_thumb.png" track_src="progress_track.png" thumb_autohide="0"tips="定位"/>
	<bt_next xywh="245R, R, 25, 25" src="bt_next.png"tips="下一个"/>
	<time xywh="160R, 2R, 88, 20" align="center" font="Verdana" size="11" color="#FFFFFF" borderColor="#222222" backgroundColor="#000000" bold="" shadow="1,90,#,0.5,4,4,1,3,true" tips="时间"/>
        <volume xywh="80R, 8R, 60, 8" thumb_src="volume_thumb.png" track_src="volume_track.png" src="volume.png" rotation="0"/>
	<bt_mute xywh="140R, 3R, 20, 20" src="bt_mute.png" hover_volume="0" tips="音量"/>	
	<bt_list xywh="22R, 2R, 60, 20" src="bt_list.png" tips="列表"/>
	<bt_fullscreen xywh="R, R, 23, 23" src="bt_fullscreen.png" tips="打开全屏,退出全屏"/>
</console>
   <list xywh="R, 14R, 230,96p" src="option.png" mask="" lock="1" display="1" group="A">
	<tree xywh="0, 20, 5B, 20B" align="left" font="Arial" size="12" color="#666666, #ffffff"/>
	<scrollbar thumb_src="scrollbar_thumb.png"/>	
	<bt_close xywh="10R, 3, 35, 18" src="bt_close.jpg"tips="关闭列表"/>
        <event type="open" target="option" property="display" value="0" />
	<search xywh="1, 1R, 290, 30" align="left" font="Arial" size="13" src="volume.png" color="00FFFF,00FFFF" value="请输关键字搜索,返回清空 qq376925325"/>
   </list>
	<lrc xywh="0,15R, 100%, 18" lock="1" display="1" group="A" alpha="0.8">
		<text xywh="0,0, 100P, 100P " align="center" font="宋体" size="12" color="#00ffff, #00ffff" horizontal="1" max_scale="3" shadow="1,90,#FF0000,0.5,4,4,1,3"/>
	</lrc>
  <media xywh="0, 28R, 100P, 100P" src="4.swf" mask="" lock="1" display="1" group="A">
    <video xywh="0, 0, 100P, 100P"/>
  </media>
</skin>