﻿<skin name="陌路论坛QQ494452314" version="1.2" author="QQ494452314" email="494452314@qq.com" url="http://molutv.com" readme="最佳宽高640x328" mask_color="" show_tips="0.5" context_menu="2">
	<console xywh="0, 0R, 100P, 15" src="console.png" mask="" lock="1" display="1" group="A">
		<bt_link xywh="0, -2R, 15, 16" src="qq.jpg" link="http://wp.qq.com/email/stop/email_stop.html?qq=494452314&amp;sig=69c0086207ceaf5495d0c9e0f82472573283db241b5a3c13&amp;tttt=1" target="_blank" tips="点击这里给我发消息"/>	
		<bt_stop xywh="17, R, 14, 14" src="t.jpg"tips="停止"/>
		<bt_play xywh="33, R, 8, 14" src="bt_play.png"tips="播放/暂停"/>
		<bt_prev xywh="43, R, 9,14" src="bt_prev.png"tips="上"/>
		<progress xywh="52, R, 123b, 14" thumb_src="progress_thumb.png" track_src="progress_track.png" thumb_autohide="0"tips="定位"/>
		<bt_next xywh="192R, R, 9, 14" src="bt_next.png"tips="下"/>
		<time xywh="86R, R, 100, 15" align="center" font="Verdana" size="9" color="#008B00" borderColor="" backgroundColor="#FFFFFF" bold="" shadow="1,90,#,0.5,4,4,1,3,true" tips="时间"/>
		<volume xywh="35R, 9R, 45, 6" thumb_src="progress_thumb.png" track_src="volume_track.png" src="volume.png" rotation="-90"/>
		<bt_mute xywh="72R, R, 10, 14" src="bt_mute.png" hover_volume="1" tips="音量"/>	
		<bt_list xywh="18R, R, 48, 14" src="bt_list.png" tips="列表"/>
		<bt_fullscreen xywh="R, R, 15, 14" src="q.jpg" tips="打开全屏,退出全屏"/>
	</console>
	<list xywh="R, 14R, 300,96p" src="option.png" mask="" lock="1" display="1" group="A">
		<tree xywh="1, 20, 299, 20b" align="left" font="Arial" size="13" color="#008B00, #FF0000" show_icon="1" image="huo.gif" image_width="22" image_height="14"/>
		<scrollbar thumb_src="scrollbar_thumb.png"/>	
		<bt_close xywh="10R, 3, 35, 12" src="bt_close.jpg"tips="关闭列表"/>
		<search xywh="1, 1R, 299, 20" align="left" font="Arial" size="13" src="volume.png" color="#FF0000,#FF6600" value="请输关键字搜索,返回清空"/>
		<event type="open" target="option" property="display" value="0"/>
                <event type="over" target="media" property="xywh" value="0, 0, 150b, 100P"/>
		<event type="out" target="media" property="xywh" value="0, 0, 100P, 100P"/>
		<event type="over" target="list" property="display" value="1" />
		<event type="out" target="list" property="display" value="0" />
	</list>
	<lrc xywh="0,15R, 100%, 18" lock="1" display="1" group="A" alpha="0.8">
		<text xywh="0,0, 100P, 100P " align="center" font="宋体" size="12" color="#7F8FA5, #ffffff" horizontal="1" max_scale="3" shadow="1,90,#000000,0.5,4,4,1,3"/>
	</lrc>
	<media xywh="0, 0, 150b, 100P" src="4.swf" lock="1" display="1" group="A">
		<video xywh="0, 0, 100P, 100P"/>
                <event type="over" target="media" property="xywh" value="0, 0, 150b, 100P"/>
		<event type="out" target="media" property="xywh" value="0, 0, 100P, 100P"/>
		<event type="over" target="list" property="display" value="1" />
		<event type="out" target="list" property="display" value="0" />
	</media>
</skin>