﻿<skin name="爱尚TV" version="1.0" author="爱尚TV" email="32117145@qq.com" url="http://i-stv.tk" readme="爱尚TV" preview="preview.jpg" mask_color="" show_tips="0.5">
	<option xywh="1, 1, 1, 1" src="" mask="" lock="1" display="0" group="A" fade="0">
		<pane xywh="1, 1, 1, 1" align="left" font="宋体" size="12" color="#666666, #ffffff"/>		<scrollbar thumb_src="scrollbar_thumb.png" button_src="scrollbar_button.png" track_src="scrollbar_track.png"/>
		<bt_close xywh="" src="" tips=""/>
	</option>
	<list xywh="0, -38C, 290, 14B" src="bg.swf" mask="" lock="1" display="1" group="b" fade="0">
		<tree xywh="0, 3C, 100P, 20B" align="left" font="Arial" size="13" color="#00FF66, #33FF00" show_icon="1" image="istv.png" image_width="45" image_height="40"/>

		<scrollbar thumb_src="scrollbar_thumb.png" button_src="scrollbar_button.png" track_src="scrollbar_track.png"/>
        <icons bullet="ico3.png" opened="ico2.png" playing="ico3.png" closed="" /> 
                             <bt_close xywh="-8R, -30C, 8, 70" src="btnclose.png" tips="关闭列表" /> 
                             <event type="open" target="media" property="xywh" value="165C, -29C, 125B, 23B" /> 
                             <event type="open" target="option" property="display" value="0" /> 
                             <event type="open" target="lrc" property="display" value="1" /> 

                             <event type="close" target="lrc" property="display" value="0" /> 
                            <event type="close" target="media" property="xywh" value="0, -29C, 0B, 23B" /> 
	</list>
	<lrc xywh="100C, 50R, 100B, 50" src="" mask="" lock="1" display="1" group="A" glow="#000000,1,4,4,1,1">
		<text xywh="0, 0, 100P, 100P" align="center" horizontal="1"  font="Arial" size="10" leading="0"  shadow="5,45,#000000,0.3,4,4,1,3"  glow="#ffffff,1,4,4,1,1" color="#CC0033, #CC0033" max_scale="2"/>
		<bt_close xywh="" src="" tips=""/>
	</lrc>
	<media xywh="165C, -29C, 125B, 23B" src="" mask="" lock="1" display="1" group="A">
		<video xywh="0, 0, 100P, 100P"/>
		<bt_close xywh="" src="" tips=""/>
	</media>
	
	<console xywh="0C, 0C, 100P, 100P" src="media.swf" mask="" lock="1" display="1" group="A" snap="true" shadow="5,45,#000000,0.3,4,4,1,3">
		<bt_play xywh="15, 10R, 30, 30" src="bt_play.png" tips="播放,暂停"/>
		<bt_stop xywh="50, 10R, 25, 25" src="bt_stop.png" tips="停止"/>
		<bt_prev xywh="80, 10R, 25, 25" src="bt_prev.png" tips="上一个"/>
		<bt_next xywh="110, 10R, 25, 25" src="bt_next.png" tips="下一个"/>
		<bt_mute xywh="140, 10R, 25, 25" src="bt_mute.png" tips="静音,打开声音"/>
		<volume xywh="165, 20R, 90, 4" thumb_src="volume_thumb.png" track_src="track.png" tips="音量" shadow="1,90,#000000,0.3,4,4,1,1"/>
		<progress xywh="0C, 47R, 2B, 4" thumb_src="progress_thumb.png" track_src="track.png" tips="定位" shadow="1,90,#000000,0.3,4,4,1,1"/>
		<bt_list xywh="5R, 10R, 25, 25" src="bt_list.png" tips="关闭列表,打开列表"/>
		
		<bt_fullscreen xywh="30R, 10R, 25, 25" src="bt_fullscreen.png" tips="打开全屏,退出全屏"/>
		<title xywh="500, 16R, 200, 18" align="left" font="Verdana" size="12" color="#cccccc" bold="1" borderColor="" shadow="1,45,#000000,1,4,4,1,3"/>
		<status xywh="280, 16R, 70, 18" align="left" font="Verdana" size="12" color="#cccccc" borderColor="" backgroundColor="" bold=""/>
		<time xywh="350, 16R, 132, 16" align="center" font="Verdana" size="11" color="#cccccc" borderColor="" backgroundColor="" bold=""/>
		<number xywh="1, 1, 1, 1" src="" alpha="1" rotation="0" tips="播放时间,播放倒计时"/>
		<bt_close xywh="" src="" tips=""/>
	</console>
	<languages>
		<msg id="state_undefined">未定义</msg>
		<msg id="state_connecting">连接中</msg>
		<msg id="state_buffering">缓冲处理中</msg>
		<msg id="state_playing">正在播放中</msg>
		<msg id="state_paused">已暂停播放</msg>
		<msg id="state_stopped">已停止播放</msg>
		<msg id="state_completed">已播放完毕</msg>
		<msg id="state_reconnecting">重试连接中</msg>
		<msg id="menu_fullscreen">全屏切换</msg>
		<msg id="menu_list">列表</msg>
		<msg id="menu_lrc">歌词</msg>
		<msg id="menu_video">视频</msg>
		<msg id="menu_option">选项</msg>
		<msg id="option_title_skins">设置皮肤</msg>
		<msg id="option_title_about">关于程序</msg>
		<msg id="option_skin_waiting">等待加载</msg>
		<msg id="option_skin_loading">加载中</msg>
		<msg id="option_skin_error">皮肤错误</msg>
		<msg id="option_skin_version">版本</msg>
		<msg id="option_skin_author">作者</msg>
		<msg id="option_skin_email">邮箱</msg>
		<msg id="option_skin_url">网址</msg>
		<msg id="option_skin_readme">说明</msg>
		<msg id="option_copy_url">复制分享地址</msg>
		<msg id="option_copy_embed">复制插入代码</msg>
		<msg id="option_copied">已复制</msg>
		<msg id="tips_video_scalemode">视频缩放模式</msg>
		<msg id="tips_video_rotation">视频旋转90度</msg>
		<msg id="tips_video_blackwhite">视频黑白效果</msg>
		<msg id="tips_video_highlight">视频加亮效果</msg>
		<msg id="tips_video_smoothing">视频平滑处理</msg>
		<msg id="tips_mixer_prev">上一个效果</msg>
		<msg id="tips_mixer_next">下一个效果</msg>
		<msg id="tips_mixer_color">改变颜色</msg>
		<msg id="tips_mixer_displace">置换效果</msg>
		<msg id="tips_mixer_filter">滤镜效果</msg>
		<msg id="tips_view_max">最大化</msg>
		<msg id="tips_view_max_exit">退出最大化</msg>
		<msg id="view_listing">加载列表</msg>
		<msg id="view_error">错误</msg>
	</languages>
</skin>