﻿<skin name="YY炫迪影视" version="1.2" author="CenFun" email="155006443@gmail.com" url="http://bbs.yyxd.org" readme="最佳宽高640x328" mask_color="" show_tips="0.5" context_menu="2">
  <console xywh="0, 0R, 100P, 28" src="console.png" mask="" lock="1" display="1" group="A">
<bt_play xywh="25, 5R, 25, 20" src="bt_play.png" tips="暂停播放"/>
     <bt_stop xywh="55, 4R, 20, 20" src="bt_stop.png" tips="停止" />

		<progress xywh="180, 6R, 118B, 15" thumb_src="progress_thumb.png" track_src="progress_track.png" thumb_autohide="0"/>
		<time xywh="80,2R, 90, 20" align="center" font="Verdana" size="12" color="#ffffff" borderColor="" backgroundColor="" bold="" shadow="1,90,#000000,0.5,4,4,1,3,true"/>
		  <volume xywh="-30R, 30R, 80, 15" thumb_src="volume_thumb.png" track_src="track_volume.png" src="volume.png" rotation="-90" /> 



		<bt_mute xywh="29R, 4R, 20, 20" src="bt_mute.png" hover_volume="1" tips="音量"/>
		<bt_list xywh="4R, 4R, 20, 20" src="bt_list.png" tips="列表"/>



  </console>
  <option xywh="R, 14R, 300, 150" src="option.png" lock="1" display="0" group="A" fade="0">
    <pane xywh="5, 20, 5B, 20B" align="left" font="Arial" size="12" color="#666666, #ffffff" />
    <scrollbar thumb_src="scrollbar_thumb.png" button_src="scrollbar_button.png" track_src="scrollbar_track.png"/>
    <bt_close xywh="10R, 3, 30, 12" src="bt_close.png"/>
    <event type="open" target="list" property="display" value="0" />
  </option>
  <list xywh="R, 28R, 280 , 220" src="option.png" mask="" lock="1" display="1" group="A">
    <tree xywh="5, 20, 5B, 12B" align="left" font="Arial" size="12" color="#666666, #ffffff"/>
    <search xywh="45R,1 R,145, 18" align="left" font="Arial" size="12" color="#227782, #94579C " borderColor="" backgroundColor="" bold="" value="请输入电影关键字搜索"/>

        <scrollbar thumb_src="scrollbar_thumb.png" button_src="scrollbar_button.png" track_src="scrollbar_track.png"/>
    <bt_close xywh="10R, 3, 30, 12" src="bt_close.png"/>
    <event type="open" target="option" property="display" value="0" />
  </list>
  <lrc xywh="0, 30R, 100%, 18" lock="1" display="1" group="A" alpha="0.8">
    <text xywh="0, 0, 100P, 100P" align="center" font="宋体" size="12" color="#7F8FA5, #ffffff" horizontal="1" max_scale="3" shadow="1,90,#000000,0.5,4,4,1,3" />
  </lrc>
  <media xywh="0, 28R, 100P, 100P" src="media.swf" mask="" lock="1" display="1" group="A">
    <video xywh="0, 0, 100P, 100P"/>
  </media>
</skin>
