﻿<skin name="YY-55056862　欢迎您" version="1.0" author="夜曲qq603071006" email="603071006@qq.com" readme="最佳宽高600x500" mask_color="" show_tips="0.5" context_menu="2" >
<console xywh="R,R,100P,100P" lock="1" display="1" group="A" alpha="1" src="mouse.swf">
<bt_play xywh="0,R,24,20" src="bt_play.png" tips="播放/暂停"/>
<bt_stop xywh="24,R,22,20" src="bt_stop.png" tips="停止"/>
<bt_mute xywh="104R,R,24,20" src="bt_mute.png" tips="音量"/>
<volume xywh="24R,0R,80,20" thumb_src="ss.png" track_src="ldtt.png"/>
<progress xywh="c,R,100P,25" track_src="ldt.png"/>
<indicator xywh="0,-10,43,15" src="bt_time.png" color="#dddddd" size="11" align="center"/>
<bt_list xywh="0R,R,24,20" src="bt_list.png" tips="列表"/>
<title xywh="65,15,130,17" align="left" font="Verdana" size="12" color="#BBBBBB" bold="1"/>
<status xywh="0,15,65,17" font="Verdana" size="12" color="#BBBBBB" bold="1"/>
<time xywh="46,R,100,20" align="left" font="Verdana" size="12" color="#DDDDDD" src="1.png"/>
</console>
<list xywh="R,25R,240,188" src="list.png" lock="1" display="1" group="A" alpha="0.9" >
<tree xywh="1,27,100P,99P" align="left" font="宋体" size="12" color="#66ffff,#ffff00" bold="0"/> 
<scrollbar thumb_src="scrollbar_thumb.png" button_src="scrollbar_button.png" track_src="1.png"/>
<search xywh="12,4,215,18" align="left" font="Verdana" size="12" value="输入关键字查找 YY-55056862" color="#222222"/>
<bt_close xywh="4R,4,17,16" src="bt_close.png" tips="关闭列表"/>
</list>
<lrc xywh="C,R,100P,20" lock="1" display="1" group="A" alpha="0.8">
<text xywh="C,R,95P,17" font="Verdana" align="center" size="12" color="#333333" horizontal="1" max_scale="3" shadow="1,90,#000000,0.5,4,4,1,3"/>
</lrc>
<media xywh="0,0,100P,100P" src="media.swf" lock="1" display="1" group="A" >
<video xywh="0,R,100P,100P" show_buttons="1"/>
</media>
</skin>